path,risk_score,risk_level,churn_percentile,bugfix_ratio,lines_changed,historical_commit_count,historical_bugfix_count,repository,future_bugfix_commit_count
.devcontainer/devcontainer.json,14.64,low,0.366,0.0,0,0,0,pallets/flask,0
.devcontainer/on-create-command.sh,14.64,low,0.366,0.0,0,0,0,pallets/flask,0
.editorconfig,14.64,low,0.366,0.0,0,0,0,pallets/flask,0
.github/ISSUE_TEMPLATE/bug-report.md,14.64,low,0.366,0.0,0,0,0,pallets/flask,0
.github/ISSUE_TEMPLATE/config.yml,14.64,low,0.366,0.0,0,0,0,pallets/flask,0
.github/ISSUE_TEMPLATE/feature-request.md,14.64,low,0.366,0.0,0,0,0,pallets/flask,0
.github/SECURITY.md,14.64,low,0.366,0.0,0,0,0,pallets/flask,0
.github/dependabot.yml,30.56,low,0.764,0.0,0,1,0,pallets/flask,0
.github/pull_request_template.md,14.64,low,0.366,0.0,0,0,0,pallets/flask,0
.github/workflows/lock.yaml,37.2,low,0.93,0.0,0,3,0,pallets/flask,0
.github/workflows/publish.yaml,39.76,medium,0.994,0.0,0,12,0,pallets/flask,2
.github/workflows/tests.yaml,39.28,medium,0.982,0.0,0,8,0,pallets/flask,0
.gitignore,34.32,low,0.858,0.0,0,2,0,pallets/flask,0
.pre-commit-config.yaml,39.28,medium,0.982,0.0,0,8,0,pallets/flask,0
.readthedocs.yaml,34.32,low,0.858,0.0,0,2,0,pallets/flask,0
CHANGES.rst,44.54,medium,0.998,0.0769,0,13,1,pallets/flask,2
CODE_OF_CONDUCT.md,14.64,low,0.366,0.0,0,0,0,pallets/flask,0
CONTRIBUTING.rst,14.64,low,0.366,0.0,0,0,0,pallets/flask,0
LICENSE.rst,14.64,low,0.366,0.0,0,0,0,pallets/flask,0
README.rst,14.64,low,0.366,0.0,0,0,0,pallets/flask,0
docs/Makefile,14.64,low,0.366,0.0,0,0,0,pallets/flask,0
docs/_static/debugger.png,14.64,low,0.366,0.0,0,0,0,pallets/flask,0
docs/_static/flask-horizontal.png,14.64,low,0.366,0.0,0,0,0,pallets/flask,0
docs/_static/flask-vertical.png,14.64,low,0.366,0.0,0,0,0,pallets/flask,0
docs/_static/pycharm-run-config.png,14.64,low,0.366,0.0,0,0,0,pallets/flask,0
docs/_static/shortcut-icon.png,14.64,low,0.366,0.0,0,0,0,pallets/flask,0
docs/api.rst,30.56,low,0.764,0.0,0,1,0,pallets/flask,0
docs/appcontext.rst,14.64,low,0.366,0.0,0,0,0,pallets/flask,0
docs/async-await.rst,14.64,low,0.366,0.0,0,0,0,pallets/flask,0
docs/blueprints.rst,14.64,low,0.366,0.0,0,0,0,pallets/flask,0
docs/changes.rst,14.64,low,0.366,0.0,0,0,0,pallets/flask,0
docs/cli.rst,14.64,low,0.366,0.0,0,0,0,pallets/flask,0
docs/conf.py,14.64,low,0.366,0.0,0,0,0,pallets/flask,0
docs/config.rst,14.64,low,0.366,0.0,0,0,0,pallets/flask,0
docs/contributing.rst,14.64,low,0.366,0.0,0,0,0,pallets/flask,0
docs/debugging.rst,14.64,low,0.366,0.0,0,0,0,pallets/flask,0
docs/deploying/apache-httpd.rst,14.64,low,0.366,0.0,0,0,0,pallets/flask,0
docs/deploying/asgi.rst,90.56,high,0.764,1.0,0,1,1,pallets/flask,0
docs/deploying/eventlet.rst,14.64,low,0.366,0.0,0,0,0,pallets/flask,0
docs/deploying/gevent.rst,14.64,low,0.366,0.0,0,0,0,pallets/flask,0
docs/deploying/gunicorn.rst,14.64,low,0.366,0.0,0,0,0,pallets/flask,0
docs/deploying/index.rst,14.64,low,0.366,0.0,0,0,0,pallets/flask,0
docs/deploying/mod_wsgi.rst,14.64,low,0.366,0.0,0,0,0,pallets/flask,0
docs/deploying/nginx.rst,14.64,low,0.366,0.0,0,0,0,pallets/flask,0
docs/deploying/proxy_fix.rst,14.64,low,0.366,0.0,0,0,0,pallets/flask,0
docs/deploying/uwsgi.rst,14.64,low,0.366,0.0,0,0,0,pallets/flask,0
docs/deploying/waitress.rst,14.64,low,0.366,0.0,0,0,0,pallets/flask,0
docs/design.rst,14.64,low,0.366,0.0,0,0,0,pallets/flask,0
docs/errorhandling.rst,14.64,low,0.366,0.0,0,0,0,pallets/flask,0
docs/extensiondev.rst,14.64,low,0.366,0.0,0,0,0,pallets/flask,0
docs/extensions.rst,14.64,low,0.366,0.0,0,0,0,pallets/flask,0
docs/index.rst,30.56,low,0.764,0.0,0,1,0,pallets/flask,0
docs/installation.rst,14.64,low,0.366,0.0,0,0,0,pallets/flask,0
docs/license.rst,14.64,low,0.366,0.0,0,0,0,pallets/flask,0
docs/lifecycle.rst,14.64,low,0.366,0.0,0,0,0,pallets/flask,0
docs/logging.rst,14.64,low,0.366,0.0,0,0,0,pallets/flask,0
docs/make.bat,14.64,low,0.366,0.0,0,0,0,pallets/flask,0
docs/patterns/appdispatch.rst,34.32,low,0.858,0.0,0,2,0,pallets/flask,0
docs/patterns/appfactories.rst,14.64,low,0.366,0.0,0,0,0,pallets/flask,0
docs/patterns/caching.rst,14.64,low,0.366,0.0,0,0,0,pallets/flask,0
docs/patterns/celery.rst,14.64,low,0.366,0.0,0,0,0,pallets/flask,0
docs/patterns/deferredcallbacks.rst,14.64,low,0.366,0.0,0,0,0,pallets/flask,0
docs/patterns/favicon.rst,14.64,low,0.366,0.0,0,0,0,pallets/flask,0
docs/patterns/fileuploads.rst,14.64,low,0.366,0.0,0,0,0,pallets/flask,0
docs/patterns/flashing.rst,14.64,low,0.366,0.0,0,0,0,pallets/flask,0
docs/patterns/index.rst,14.64,low,0.366,0.0,0,0,0,pallets/flask,0
docs/patterns/javascript.rst,90.56,high,0.764,1.0,0,1,1,pallets/flask,0
docs/patterns/jquery.rst,14.64,low,0.366,0.0,0,0,0,pallets/flask,0
docs/patterns/lazyloading.rst,14.64,low,0.366,0.0,0,0,0,pallets/flask,0
docs/patterns/methodoverrides.rst,14.64,low,0.366,0.0,0,0,0,pallets/flask,0
docs/patterns/mongoengine.rst,14.64,low,0.366,0.0,0,0,0,pallets/flask,0
docs/patterns/packages.rst,14.64,low,0.366,0.0,0,0,0,pallets/flask,0
docs/patterns/requestchecksum.rst,14.64,low,0.366,0.0,0,0,0,pallets/flask,0
docs/patterns/singlepageapplications.rst,14.64,low,0.366,0.0,0,0,0,pallets/flask,0
docs/patterns/sqlalchemy.rst,14.64,low,0.366,0.0,0,0,0,pallets/flask,0
docs/patterns/sqlite3.rst,14.64,low,0.366,0.0,0,0,0,pallets/flask,0
docs/patterns/streaming.rst,14.64,low,0.366,0.0,0,0,0,pallets/flask,0
docs/patterns/subclassing.rst,14.64,low,0.366,0.0,0,0,0,pallets/flask,0
docs/patterns/templateinheritance.rst,14.64,low,0.366,0.0,0,0,0,pallets/flask,0
docs/patterns/urlprocessors.rst,14.64,low,0.366,0.0,0,0,0,pallets/flask,0
docs/patterns/viewdecorators.rst,14.64,low,0.366,0.0,0,0,0,pallets/flask,0
docs/patterns/wtforms.rst,14.64,low,0.366,0.0,0,0,0,pallets/flask,0
docs/quickstart.rst,14.64,low,0.366,0.0,0,0,0,pallets/flask,0
docs/reqcontext.rst,14.64,low,0.366,0.0,0,0,0,pallets/flask,0
docs/security.rst,14.64,low,0.366,0.0,0,0,0,pallets/flask,0
docs/server.rst,30.56,low,0.764,0.0,0,1,0,pallets/flask,0
docs/shell.rst,14.64,low,0.366,0.0,0,0,0,pallets/flask,0
docs/signals.rst,14.64,low,0.366,0.0,0,0,0,pallets/flask,0
docs/templating.rst,14.64,low,0.366,0.0,0,0,0,pallets/flask,0
docs/testing.rst,90.56,high,0.764,1.0,0,1,1,pallets/flask,0
docs/tutorial/blog.rst,14.64,low,0.366,0.0,0,0,0,pallets/flask,0
docs/tutorial/database.rst,14.64,low,0.366,0.0,0,0,0,pallets/flask,0
docs/tutorial/deploy.rst,14.64,low,0.366,0.0,0,0,0,pallets/flask,0
docs/tutorial/factory.rst,14.64,low,0.366,0.0,0,0,0,pallets/flask,0
docs/tutorial/flaskr_edit.png,14.64,low,0.366,0.0,0,0,0,pallets/flask,0
docs/tutorial/flaskr_index.png,14.64,low,0.366,0.0,0,0,0,pallets/flask,0
docs/tutorial/flaskr_login.png,14.64,low,0.366,0.0,0,0,0,pallets/flask,0
docs/tutorial/index.rst,14.64,low,0.366,0.0,0,0,0,pallets/flask,0
docs/tutorial/install.rst,30.56,low,0.764,0.0,0,1,0,pallets/flask,0
docs/tutorial/layout.rst,14.64,low,0.366,0.0,0,0,0,pallets/flask,0
docs/tutorial/next.rst,14.64,low,0.366,0.0,0,0,0,pallets/flask,0
docs/tutorial/static.rst,14.64,low,0.366,0.0,0,0,0,pallets/flask,0
docs/tutorial/templates.rst,14.64,low,0.366,0.0,0,0,0,pallets/flask,0
docs/tutorial/tests.rst,14.64,low,0.366,0.0,0,0,0,pallets/flask,0
docs/tutorial/views.rst,14.64,low,0.366,0.0,0,0,0,pallets/flask,0
docs/views.rst,14.64,low,0.366,0.0,0,0,0,pallets/flask,0
examples/celery/README.md,14.64,low,0.366,0.0,0,0,0,pallets/flask,0
examples/celery/make_celery.py,14.64,low,0.366,0.0,0,0,0,pallets/flask,0
examples/celery/pyproject.toml,34.32,low,0.858,0.0,0,2,0,pallets/flask,0
examples/celery/requirements.txt,14.64,low,0.366,0.0,0,0,0,pallets/flask,0
examples/celery/src/task_app/__init__.py,14.64,low,0.366,0.0,0,0,0,pallets/flask,0
examples/celery/src/task_app/tasks.py,14.64,low,0.366,0.0,0,0,0,pallets/flask,0
examples/celery/src/task_app/templates/index.html,14.64,low,0.366,0.0,0,0,0,pallets/flask,0
examples/celery/src/task_app/views.py,14.64,low,0.366,0.0,0,0,0,pallets/flask,0
examples/javascript/.gitignore,14.64,low,0.366,0.0,0,0,0,pallets/flask,0
examples/javascript/LICENSE.rst,14.64,low,0.366,0.0,0,0,0,pallets/flask,0
examples/javascript/README.rst,30.56,low,0.764,0.0,0,1,0,pallets/flask,0
examples/javascript/js_example/__init__.py,14.64,low,0.366,0.0,0,0,0,pallets/flask,0
examples/javascript/js_example/templates/base.html,14.64,low,0.366,0.0,0,0,0,pallets/flask,0
examples/javascript/js_example/templates/fetch.html,14.64,low,0.366,0.0,0,0,0,pallets/flask,0
examples/javascript/js_example/templates/jquery.html,14.64,low,0.366,0.0,0,0,0,pallets/flask,0
examples/javascript/js_example/templates/xhr.html,14.64,low,0.366,0.0,0,0,0,pallets/flask,0
examples/javascript/js_example/views.py,34.32,low,0.858,0.0,0,2,0,pallets/flask,0
examples/javascript/pyproject.toml,34.32,low,0.858,0.0,0,2,0,pallets/flask,0
examples/javascript/tests/conftest.py,14.64,low,0.366,0.0,0,0,0,pallets/flask,0
examples/javascript/tests/test_js_example.py,14.64,low,0.366,0.0,0,0,0,pallets/flask,0
examples/tutorial/.gitignore,14.64,low,0.366,0.0,0,0,0,pallets/flask,0
examples/tutorial/LICENSE.rst,14.64,low,0.366,0.0,0,0,0,pallets/flask,0
examples/tutorial/README.rst,14.64,low,0.366,0.0,0,0,0,pallets/flask,0
examples/tutorial/flaskr/__init__.py,34.32,low,0.858,0.0,0,2,0,pallets/flask,0
examples/tutorial/flaskr/auth.py,34.32,low,0.858,0.0,0,2,0,pallets/flask,0
examples/tutorial/flaskr/blog.py,34.32,low,0.858,0.0,0,2,0,pallets/flask,0
examples/tutorial/flaskr/db.py,14.64,low,0.366,0.0,0,0,0,pallets/flask,0
examples/tutorial/flaskr/schema.sql,14.64,low,0.366,0.0,0,0,0,pallets/flask,0
examples/tutorial/flaskr/static/style.css,14.64,low,0.366,0.0,0,0,0,pallets/flask,0
examples/tutorial/flaskr/templates/auth/login.html,14.64,low,0.366,0.0,0,0,0,pallets/flask,0
examples/tutorial/flaskr/templates/auth/register.html,14.64,low,0.366,0.0,0,0,0,pallets/flask,0
examples/tutorial/flaskr/templates/base.html,14.64,low,0.366,0.0,0,0,0,pallets/flask,0
examples/tutorial/flaskr/templates/blog/create.html,14.64,low,0.366,0.0,0,0,0,pallets/flask,0
examples/tutorial/flaskr/templates/blog/index.html,14.64,low,0.366,0.0,0,0,0,pallets/flask,0
examples/tutorial/flaskr/templates/blog/update.html,14.64,low,0.366,0.0,0,0,0,pallets/flask,0
examples/tutorial/pyproject.toml,34.32,low,0.858,0.0,0,2,0,pallets/flask,0
examples/tutorial/tests/conftest.py,14.64,low,0.366,0.0,0,0,0,pallets/flask,0
examples/tutorial/tests/data.sql,14.64,low,0.366,0.0,0,0,0,pallets/flask,0
examples/tutorial/tests/test_auth.py,14.64,low,0.366,0.0,0,0,0,pallets/flask,0
examples/tutorial/tests/test_blog.py,14.64,low,0.366,0.0,0,0,0,pallets/flask,0
examples/tutorial/tests/test_db.py,14.64,low,0.366,0.0,0,0,0,pallets/flask,0
examples/tutorial/tests/test_factory.py,14.64,low,0.366,0.0,0,0,0,pallets/flask,0
pyproject.toml,39.6,medium,0.99,0.0,0,9,0,pallets/flask,0
requirements-skip/README.md,34.32,low,0.858,0.0,0,2,0,pallets/flask,0
requirements-skip/tests-dev.txt,34.32,low,0.858,0.0,0,2,0,pallets/flask,0
requirements-skip/tests-min.in,38.72,low,0.968,0.0,0,5,0,pallets/flask,0
requirements-skip/tests-min.txt,34.32,low,0.858,0.0,0,2,0,pallets/flask,0
requirements/build.in,14.64,low,0.366,0.0,0,0,0,pallets/flask,0
requirements/build.txt,34.32,low,0.858,0.0,0,2,0,pallets/flask,0
requirements/dev.in,34.32,low,0.858,0.0,0,2,0,pallets/flask,0
requirements/dev.txt,38.0,low,0.95,0.0,0,4,0,pallets/flask,0
requirements/docs.in,34.32,low,0.858,0.0,0,2,0,pallets/flask,0
requirements/docs.txt,37.2,low,0.93,0.0,0,3,0,pallets/flask,0
requirements/tests.in,14.64,low,0.366,0.0,0,0,0,pallets/flask,0
requirements/tests.txt,34.32,low,0.858,0.0,0,2,0,pallets/flask,0
requirements/typing.in,14.64,low,0.366,0.0,0,0,0,pallets/flask,0
requirements/typing.txt,38.0,low,0.95,0.0,0,4,0,pallets/flask,0
src/flask/__init__.py,38.72,low,0.968,0.0,0,5,0,pallets/flask,0
src/flask/__main__.py,14.64,low,0.366,0.0,0,0,0,pallets/flask,0
src/flask/app.py,39.28,medium,0.982,0.0,0,8,0,pallets/flask,0
src/flask/blueprints.py,34.32,low,0.858,0.0,0,2,0,pallets/flask,0
src/flask/cli.py,38.0,low,0.95,0.0,0,4,0,pallets/flask,1
src/flask/config.py,14.64,low,0.366,0.0,0,0,0,pallets/flask,0
src/flask/ctx.py,14.64,low,0.366,0.0,0,0,0,pallets/flask,0
src/flask/debughelpers.py,30.56,low,0.764,0.0,0,1,0,pallets/flask,0
src/flask/globals.py,30.56,low,0.764,0.0,0,1,0,pallets/flask,0
src/flask/helpers.py,50.72,medium,0.968,0.2,0,5,1,pallets/flask,1
src/flask/json/__init__.py,14.64,low,0.366,0.0,0,0,0,pallets/flask,0
src/flask/json/provider.py,37.2,low,0.93,0.0,0,3,0,pallets/flask,0
src/flask/json/tag.py,14.64,low,0.366,0.0,0,0,0,pallets/flask,0
src/flask/logging.py,30.56,low,0.764,0.0,0,1,0,pallets/flask,0
src/flask/py.typed,14.64,low,0.366,0.0,0,0,0,pallets/flask,0
src/flask/sansio/README.md,30.56,low,0.764,0.0,0,1,0,pallets/flask,0
src/flask/sansio/app.py,38.72,low,0.968,0.0,0,5,0,pallets/flask,0
src/flask/sansio/blueprints.py,37.2,low,0.93,0.0,0,3,0,pallets/flask,0
src/flask/sansio/scaffold.py,34.32,low,0.858,0.0,0,2,0,pallets/flask,1
src/flask/sessions.py,34.32,low,0.858,0.0,0,2,0,pallets/flask,2
src/flask/signals.py,30.56,low,0.764,0.0,0,1,0,pallets/flask,0
src/flask/templating.py,30.56,low,0.764,0.0,0,1,0,pallets/flask,0
src/flask/testing.py,34.32,low,0.858,0.0,0,2,0,pallets/flask,0
src/flask/typing.py,37.2,low,0.93,0.0,0,3,0,pallets/flask,0
src/flask/views.py,34.32,low,0.858,0.0,0,2,0,pallets/flask,0
src/flask/wrappers.py,14.64,low,0.366,0.0,0,0,0,pallets/flask,1
tests/conftest.py,14.64,low,0.366,0.0,0,0,0,pallets/flask,0
tests/static/config.json,14.64,low,0.366,0.0,0,0,0,pallets/flask,0
tests/static/config.toml,14.64,low,0.366,0.0,0,0,0,pallets/flask,0
tests/static/index.html,14.64,low,0.366,0.0,0,0,0,pallets/flask,0
tests/templates/_macro.html,14.64,low,0.366,0.0,0,0,0,pallets/flask,0
tests/templates/context_template.html,14.64,low,0.366,0.0,0,0,0,pallets/flask,0
tests/templates/escaping_template.html,14.64,low,0.366,0.0,0,0,0,pallets/flask,0
tests/templates/mail.txt,14.64,low,0.366,0.0,0,0,0,pallets/flask,0
tests/templates/nested/nested.txt,14.64,low,0.366,0.0,0,0,0,pallets/flask,0
tests/templates/non_escaping_template.txt,14.64,low,0.366,0.0,0,0,0,pallets/flask,0
tests/templates/simple_template.html,14.64,low,0.366,0.0,0,0,0,pallets/flask,0
tests/templates/template_filter.html,14.64,low,0.366,0.0,0,0,0,pallets/flask,0
tests/templates/template_test.html,14.64,low,0.366,0.0,0,0,0,pallets/flask,0
tests/test_appctx.py,34.32,low,0.858,0.0,0,2,0,pallets/flask,0
tests/test_apps/.env,14.64,low,0.366,0.0,0,0,0,pallets/flask,0
tests/test_apps/.flaskenv,14.64,low,0.366,0.0,0,0,0,pallets/flask,0
tests/test_apps/blueprintapp/__init__.py,14.64,low,0.366,0.0,0,0,0,pallets/flask,0
tests/test_apps/blueprintapp/apps/__init__.py,14.64,low,0.366,0.0,0,0,0,pallets/flask,0
tests/test_apps/blueprintapp/apps/admin/__init__.py,14.64,low,0.366,0.0,0,0,0,pallets/flask,0
tests/test_apps/blueprintapp/apps/admin/static/css/test.css,14.64,low,0.366,0.0,0,0,0,pallets/flask,0
tests/test_apps/blueprintapp/apps/admin/static/test.txt,14.64,low,0.366,0.0,0,0,0,pallets/flask,0
tests/test_apps/blueprintapp/apps/admin/templates/admin/index.html,14.64,low,0.366,0.0,0,0,0,pallets/flask,0
tests/test_apps/blueprintapp/apps/frontend/__init__.py,14.64,low,0.366,0.0,0,0,0,pallets/flask,0
tests/test_apps/blueprintapp/apps/frontend/templates/frontend/index.html,14.64,low,0.366,0.0,0,0,0,pallets/flask,0
tests/test_apps/cliapp/__init__.py,14.64,low,0.366,0.0,0,0,0,pallets/flask,0
tests/test_apps/cliapp/app.py,14.64,low,0.366,0.0,0,0,0,pallets/flask,0
tests/test_apps/cliapp/factory.py,14.64,low,0.366,0.0,0,0,0,pallets/flask,0
tests/test_apps/cliapp/importerrorapp.py,14.64,low,0.366,0.0,0,0,0,pallets/flask,0
tests/test_apps/cliapp/inner1/__init__.py,14.64,low,0.366,0.0,0,0,0,pallets/flask,0
tests/test_apps/cliapp/inner1/inner2/__init__.py,14.64,low,0.366,0.0,0,0,0,pallets/flask,0
tests/test_apps/cliapp/inner1/inner2/flask.py,14.64,low,0.366,0.0,0,0,0,pallets/flask,0
tests/test_apps/cliapp/message.txt,14.64,low,0.366,0.0,0,0,0,pallets/flask,0
tests/test_apps/cliapp/multiapp.py,14.64,low,0.366,0.0,0,0,0,pallets/flask,0
tests/test_apps/helloworld/hello.py,14.64,low,0.366,0.0,0,0,0,pallets/flask,0
tests/test_apps/helloworld/wsgi.py,14.64,low,0.366,0.0,0,0,0,pallets/flask,0
tests/test_apps/subdomaintestmodule/__init__.py,34.32,low,0.858,0.0,0,2,0,pallets/flask,0
tests/test_apps/subdomaintestmodule/static/hello.txt,14.64,low,0.366,0.0,0,0,0,pallets/flask,0
tests/test_async.py,14.64,low,0.366,0.0,0,0,0,pallets/flask,0
tests/test_basic.py,68.0,medium,0.95,0.5,0,4,2,pallets/flask,0
tests/test_blueprints.py,34.32,low,0.858,0.0,0,2,0,pallets/flask,0
tests/test_cli.py,34.32,low,0.858,0.0,0,2,0,pallets/flask,1
tests/test_config.py,14.64,low,0.366,0.0,0,0,0,pallets/flask,0
tests/test_converters.py,14.64,low,0.366,0.0,0,0,0,pallets/flask,0
tests/test_helpers.py,30.56,low,0.764,0.0,0,1,0,pallets/flask,0
tests/test_instance_config.py,14.64,low,0.366,0.0,0,0,0,pallets/flask,0
tests/test_json.py,14.64,low,0.366,0.0,0,0,0,pallets/flask,0
tests/test_json_tag.py,14.64,low,0.366,0.0,0,0,0,pallets/flask,0
tests/test_logging.py,14.64,low,0.366,0.0,0,0,0,pallets/flask,0
tests/test_regression.py,14.64,low,0.366,0.0,0,0,0,pallets/flask,0
tests/test_reqctx.py,14.64,low,0.366,0.0,0,0,0,pallets/flask,0
tests/test_session_interface.py,14.64,low,0.366,0.0,0,0,0,pallets/flask,0
tests/test_signals.py,34.32,low,0.858,0.0,0,2,0,pallets/flask,0
tests/test_subclassing.py,14.64,low,0.366,0.0,0,0,0,pallets/flask,0
tests/test_templating.py,14.64,low,0.366,0.0,0,0,0,pallets/flask,0
tests/test_testing.py,38.0,low,0.95,0.0,0,4,0,pallets/flask,0
tests/test_user_error_handler.py,14.64,low,0.366,0.0,0,0,0,pallets/flask,0
tests/test_views.py,34.32,low,0.858,0.0,0,2,0,pallets/flask,0
tests/typing/typing_app_decorators.py,34.32,low,0.858,0.0,0,2,0,pallets/flask,0
tests/typing/typing_error_handler.py,14.64,low,0.366,0.0,0,0,0,pallets/flask,0
tests/typing/typing_route.py,34.32,low,0.858,0.0,0,2,0,pallets/flask,0
tox.ini,34.32,low,0.858,0.0,0,2,0,pallets/flask,0
.editorconfig,15.34,low,0.3836,0.0,0,0,0,pallets/click,0
.github/ISSUE_TEMPLATE/bug-report.md,15.34,low,0.3836,0.0,0,0,0,pallets/click,0
.github/ISSUE_TEMPLATE/config.yml,15.34,low,0.3836,0.0,0,0,0,pallets/click,0
.github/ISSUE_TEMPLATE/feature-request.md,15.34,low,0.3836,0.0,0,0,0,pallets/click,0
.github/dependabot.yml,15.34,low,0.3836,0.0,0,0,0,pallets/click,0
.github/pull_request_template.md,15.34,low,0.3836,0.0,0,0,0,pallets/click,0
.github/workflows/lock.yaml,15.34,low,0.3836,0.0,0,0,0,pallets/click,0
.github/workflows/publish.yaml,34.25,low,0.8562,0.0,0,1,0,pallets/click,0
.github/workflows/tests.yaml,15.34,low,0.3836,0.0,0,0,0,pallets/click,0
.gitignore,15.34,low,0.3836,0.0,0,0,0,pallets/click,0
.pre-commit-config.yaml,38.63,low,0.9658,0.0,0,3,0,pallets/click,0
.readthedocs.yaml,15.34,low,0.3836,0.0,0,0,0,pallets/click,0
CHANGES.rst,49.34,medium,0.9966,0.1579,0,19,3,pallets/click,1
CODE_OF_CONDUCT.md,15.34,low,0.3836,0.0,0,0,0,pallets/click,0
CONTRIBUTING.rst,15.34,low,0.3836,0.0,0,0,0,pallets/click,0
LICENSE.rst,15.34,low,0.3836,0.0,0,0,0,pallets/click,0
MANIFEST.in,15.34,low,0.3836,0.0,0,0,0,pallets/click,0
README.rst,15.34,low,0.3836,0.0,0,0,0,pallets/click,0
artwork/logo.svg,15.34,low,0.3836,0.0,0,0,0,pallets/click,0
docs/Makefile,15.34,low,0.3836,0.0,0,0,0,pallets/click,0
docs/_static/click-icon.png,15.34,low,0.3836,0.0,0,0,0,pallets/click,0
docs/_static/click-logo-sidebar.png,15.34,low,0.3836,0.0,0,0,0,pallets/click,0
docs/_static/click-logo.png,15.34,low,0.3836,0.0,0,0,0,pallets/click,0
docs/advanced.rst,15.34,low,0.3836,0.0,0,0,0,pallets/click,1
docs/api.rst,15.34,low,0.3836,0.0,0,0,0,pallets/click,0
docs/arguments.rst,34.25,low,0.8562,0.0,0,1,0,pallets/click,0
docs/changes.rst,15.34,low,0.3836,0.0,0,0,0,pallets/click,0
docs/commands.rst,15.34,low,0.3836,0.0,0,0,0,pallets/click,0
docs/complex.rst,15.34,low,0.3836,0.0,0,0,0,pallets/click,0
docs/conf.py,34.25,low,0.8562,0.0,0,1,0,pallets/click,1
docs/contrib.rst,15.34,low,0.3836,0.0,0,0,0,pallets/click,0
docs/documentation.rst,15.34,low,0.3836,0.0,0,0,0,pallets/click,0
docs/exceptions.rst,15.34,low,0.3836,0.0,0,0,0,pallets/click,0
docs/index.rst,15.34,low,0.3836,0.0,0,0,0,pallets/click,0
docs/license.rst,15.34,low,0.3836,0.0,0,0,0,pallets/click,0
docs/make.bat,15.34,low,0.3836,0.0,0,0,0,pallets/click,0
docs/options.rst,15.34,low,0.3836,0.0,0,0,0,pallets/click,0
docs/parameters.rst,15.34,low,0.3836,0.0,0,0,0,pallets/click,0
docs/prompts.rst,15.34,low,0.3836,0.0,0,0,0,pallets/click,0
docs/quickstart.rst,15.34,low,0.3836,0.0,0,0,0,pallets/click,0
docs/setuptools.rst,15.34,low,0.3836,0.0,0,0,0,pallets/click,0
docs/shell-completion.rst,34.25,low,0.8562,0.0,0,1,0,pallets/click,0
docs/testing.rst,15.34,low,0.3836,0.0,0,0,0,pallets/click,0
docs/unicode-support.rst,15.34,low,0.3836,0.0,0,0,0,pallets/click,0
docs/upgrading.rst,15.34,low,0.3836,0.0,0,0,0,pallets/click,0
docs/utils.rst,15.34,low,0.3836,0.0,0,0,0,pallets/click,0
docs/why.rst,15.34,low,0.3836,0.0,0,0,0,pallets/click,0
docs/wincmd.rst,15.34,low,0.3836,0.0,0,0,0,pallets/click,0
examples/README,15.34,low,0.3836,0.0,0,0,0,pallets/click,0
examples/aliases/README,15.34,low,0.3836,0.0,0,0,0,pallets/click,0
examples/aliases/aliases.ini,15.34,low,0.3836,0.0,0,0,0,pallets/click,0
examples/aliases/aliases.py,15.34,low,0.3836,0.0,0,0,0,pallets/click,0
examples/aliases/setup.py,15.34,low,0.3836,0.0,0,0,0,pallets/click,0
examples/colors/README,15.34,low,0.3836,0.0,0,0,0,pallets/click,0
examples/colors/colors.py,15.34,low,0.3836,0.0,0,0,0,pallets/click,0
examples/colors/setup.py,15.34,low,0.3836,0.0,0,0,0,pallets/click,0
examples/completion/README,15.34,low,0.3836,0.0,0,0,0,pallets/click,0
examples/completion/completion.py,15.34,low,0.3836,0.0,0,0,0,pallets/click,0
examples/completion/setup.py,15.34,low,0.3836,0.0,0,0,0,pallets/click,0
examples/complex/README,15.34,low,0.3836,0.0,0,0,0,pallets/click,0
examples/complex/complex/__init__.py,15.34,low,0.3836,0.0,0,0,0,pallets/click,0
examples/complex/complex/cli.py,15.34,low,0.3836,0.0,0,0,0,pallets/click,0
examples/complex/complex/commands/__init__.py,15.34,low,0.3836,0.0,0,0,0,pallets/click,0
examples/complex/complex/commands/cmd_init.py,15.34,low,0.3836,0.0,0,0,0,pallets/click,0
examples/complex/complex/commands/cmd_status.py,15.34,low,0.3836,0.0,0,0,0,pallets/click,0
examples/complex/setup.py,15.34,low,0.3836,0.0,0,0,0,pallets/click,0
examples/imagepipe/.gitignore,15.34,low,0.3836,0.0,0,0,0,pallets/click,0
examples/imagepipe/README,15.34,low,0.3836,0.0,0,0,0,pallets/click,0
examples/imagepipe/example01.jpg,15.34,low,0.3836,0.0,0,0,0,pallets/click,0
examples/imagepipe/example02.jpg,15.34,low,0.3836,0.0,0,0,0,pallets/click,0
examples/imagepipe/imagepipe.py,15.34,low,0.3836,0.0,0,0,0,pallets/click,0
examples/imagepipe/setup.py,15.34,low,0.3836,0.0,0,0,0,pallets/click,0
examples/inout/README,15.34,low,0.3836,0.0,0,0,0,pallets/click,0
examples/inout/inout.py,15.34,low,0.3836,0.0,0,0,0,pallets/click,0
examples/inout/setup.py,15.34,low,0.3836,0.0,0,0,0,pallets/click,0
examples/naval/README,15.34,low,0.3836,0.0,0,0,0,pallets/click,0
examples/naval/naval.py,15.34,low,0.3836,0.0,0,0,0,pallets/click,0
examples/naval/setup.py,15.34,low,0.3836,0.0,0,0,0,pallets/click,0
examples/repo/README,15.34,low,0.3836,0.0,0,0,0,pallets/click,0
examples/repo/repo.py,15.34,low,0.3836,0.0,0,0,0,pallets/click,0
examples/repo/setup.py,15.34,low,0.3836,0.0,0,0,0,pallets/click,0
examples/termui/README,15.34,low,0.3836,0.0,0,0,0,pallets/click,0
examples/termui/setup.py,15.34,low,0.3836,0.0,0,0,0,pallets/click,0
examples/termui/termui.py,15.34,low,0.3836,0.0,0,0,0,pallets/click,0
examples/validation/README,15.34,low,0.3836,0.0,0,0,0,pallets/click,0
examples/validation/setup.py,15.34,low,0.3836,0.0,0,0,0,pallets/click,0
examples/validation/validation.py,15.34,low,0.3836,0.0,0,0,0,pallets/click,0
requirements/build.in,15.34,low,0.3836,0.0,0,0,0,pallets/click,0
requirements/build.txt,15.34,low,0.3836,0.0,0,0,0,pallets/click,0
requirements/dev.in,15.34,low,0.3836,0.0,0,0,0,pallets/click,0
requirements/dev.txt,94.25,high,0.8562,1.0,0,1,1,pallets/click,0
requirements/docs.in,15.34,low,0.3836,0.0,0,0,0,pallets/click,0
requirements/docs.txt,15.34,low,0.3836,0.0,0,0,0,pallets/click,0
requirements/tests.in,15.34,low,0.3836,0.0,0,0,0,pallets/click,0
requirements/tests.txt,15.34,low,0.3836,0.0,0,0,0,pallets/click,0
requirements/typing.in,94.25,high,0.8562,1.0,0,1,1,pallets/click,0
requirements/typing.txt,94.25,high,0.8562,1.0,0,1,1,pallets/click,0
setup.cfg,94.25,high,0.8562,1.0,0,1,1,pallets/click,0
setup.py,15.34,low,0.3836,0.0,0,0,0,pallets/click,0
src/click/__init__.py,39.59,medium,0.9897,0.0,0,7,0,pallets/click,0
src/click/_compat.py,51.32,medium,0.9829,0.2,0,5,1,pallets/click,0
src/click/_termui_impl.py,34.25,low,0.8562,0.0,0,1,0,pallets/click,0
src/click/_textwrap.py,15.34,low,0.3836,0.0,0,0,0,pallets/click,0
src/click/_winconsole.py,15.34,low,0.3836,0.0,0,0,0,pallets/click,0
src/click/core.py,34.25,low,0.8562,0.0,0,1,0,pallets/click,1
src/click/decorators.py,78.63,high,0.9658,0.6667,0,3,2,pallets/click,0
src/click/exceptions.py,34.25,low,0.8562,0.0,0,1,0,pallets/click,0
src/click/formatting.py,15.34,low,0.3836,0.0,0,0,0,pallets/click,0
src/click/globals.py,15.34,low,0.3836,0.0,0,0,0,pallets/click,0
src/click/parser.py,15.34,low,0.3836,0.0,0,0,0,pallets/click,0
src/click/py.typed,15.34,low,0.3836,0.0,0,0,0,pallets/click,0
src/click/shell_completion.py,54.04,medium,0.976,0.25,0,4,1,pallets/click,0
src/click/termui.py,15.34,low,0.3836,0.0,0,0,0,pallets/click,0
src/click/testing.py,15.34,low,0.3836,0.0,0,0,0,pallets/click,0
src/click/types.py,34.25,low,0.8562,0.0,0,1,0,pallets/click,0
src/click/utils.py,38.08,low,0.9521,0.0,0,2,0,pallets/click,0
tests/conftest.py,34.25,low,0.8562,0.0,0,1,0,pallets/click,0
tests/test_arguments.py,34.25,low,0.8562,0.0,0,1,0,pallets/click,0
tests/test_basic.py,15.34,low,0.3836,0.0,0,0,0,pallets/click,0
tests/test_chain.py,15.34,low,0.3836,0.0,0,0,0,pallets/click,0
tests/test_command_decorators.py,15.34,low,0.3836,0.0,0,0,0,pallets/click,0
tests/test_commands.py,15.34,low,0.3836,0.0,0,0,0,pallets/click,0
tests/test_compat.py,15.34,low,0.3836,0.0,0,0,0,pallets/click,0
tests/test_context.py,15.34,low,0.3836,0.0,0,0,0,pallets/click,0
tests/test_custom_classes.py,15.34,low,0.3836,0.0,0,0,0,pallets/click,0
tests/test_defaults.py,34.25,low,0.8562,0.0,0,1,0,pallets/click,0
tests/test_formatting.py,15.34,low,0.3836,0.0,0,0,0,pallets/click,0
tests/test_imports.py,15.34,low,0.3836,0.0,0,0,0,pallets/click,0
tests/test_info_dict.py,15.34,low,0.3836,0.0,0,0,0,pallets/click,0
tests/test_normalization.py,15.34,low,0.3836,0.0,0,0,0,pallets/click,0
tests/test_options.py,34.25,low,0.8562,0.0,0,1,0,pallets/click,1
tests/test_parser.py,15.34,low,0.3836,0.0,0,0,0,pallets/click,0
tests/test_shell_completion.py,15.34,low,0.3836,0.0,0,0,0,pallets/click,0
tests/test_termui.py,15.34,low,0.3836,0.0,0,0,0,pallets/click,0
tests/test_testing.py,15.34,low,0.3836,0.0,0,0,0,pallets/click,0
tests/test_types.py,34.25,low,0.8562,0.0,0,1,0,pallets/click,0
tests/test_utils.py,38.08,low,0.9521,0.0,0,2,0,pallets/click,0
tests/typing/typing_aliased_group.py,94.25,high,0.8562,1.0,0,1,1,pallets/click,0
tests/typing/typing_confirmation_option.py,94.25,high,0.8562,1.0,0,1,1,pallets/click,0
tests/typing/typing_group_kw_options.py,94.25,high,0.8562,1.0,0,1,1,pallets/click,0
tests/typing/typing_help_option.py,94.25,high,0.8562,1.0,0,1,1,pallets/click,0
tests/typing/typing_options.py,94.25,high,0.8562,1.0,0,1,1,pallets/click,0
tests/typing/typing_password_option.py,94.25,high,0.8562,1.0,0,1,1,pallets/click,0
tests/typing/typing_simple_example.py,94.25,high,0.8562,1.0,0,1,1,pallets/click,0
tests/typing/typing_version_option.py,94.25,high,0.8562,1.0,0,1,1,pallets/click,0
tox.ini,94.25,high,0.8562,1.0,0,1,1,pallets/click,0
.coveragerc,11.07,low,0.2767,0.0,0,0,0,psf/requests,0
.git-blame-ignore-revs,11.07,low,0.2767,0.0,0,0,0,psf/requests,0
.github/CODE_OF_CONDUCT.md,11.07,low,0.2767,0.0,0,0,0,psf/requests,0
.github/CONTRIBUTING.md,11.07,low,0.2767,0.0,0,0,0,psf/requests,0
.github/FUNDING.yml,11.07,low,0.2767,0.0,0,0,0,psf/requests,0
.github/ISSUE_TEMPLATE.md,11.07,low,0.2767,0.0,0,0,0,psf/requests,0
.github/ISSUE_TEMPLATE/Bug_report.md,11.07,low,0.2767,0.0,0,0,0,psf/requests,0
.github/ISSUE_TEMPLATE/Custom.md,27.18,low,0.6796,0.0,0,1,0,psf/requests,0
.github/ISSUE_TEMPLATE/Feature_request.md,27.18,low,0.6796,0.0,0,1,0,psf/requests,0
.github/SECURITY.md,11.07,low,0.2767,0.0,0,0,0,psf/requests,0
.github/dependabot.yml,27.18,low,0.6796,0.0,0,1,0,psf/requests,0
.github/workflows/close-issues.yml,37.48,low,0.9369,0.0,0,4,0,psf/requests,0
.github/workflows/codeql-analysis.yml,39.61,medium,0.9903,0.0,0,8,0,psf/requests,0
.github/workflows/lint.yml,38.25,low,0.9563,0.0,0,5,0,psf/requests,0
.github/workflows/lock-issues.yml,36.5,low,0.9126,0.0,0,3,0,psf/requests,0
.github/workflows/run-tests.yml,39.61,medium,0.9903,0.0,0,8,0,psf/requests,0
.gitignore,11.07,low,0.2767,0.0,0,0,0,psf/requests,0
.pre-commit-config.yaml,27.18,low,0.6796,0.0,0,1,0,psf/requests,0
.readthedocs.yaml,33.98,low,0.8495,0.0,0,2,0,psf/requests,0
AUTHORS.rst,27.18,low,0.6796,0.0,0,1,0,psf/requests,0
HISTORY.md,11.07,low,0.2767,0.0,0,0,0,psf/requests,0
LICENSE,11.07,low,0.2767,0.0,0,0,0,psf/requests,0
MANIFEST.in,27.18,low,0.6796,0.0,0,1,0,psf/requests,0
Makefile,27.18,low,0.6796,0.0,0,1,0,psf/requests,0
NOTICE,11.07,low,0.2767,0.0,0,0,0,psf/requests,0
README.md,87.18,high,0.6796,1.0,0,1,1,psf/requests,0
docs/.nojekyll,11.07,low,0.2767,0.0,0,0,0,psf/requests,0
docs/Makefile,11.07,low,0.2767,0.0,0,0,0,psf/requests,0
docs/_static/custom.css,11.07,low,0.2767,0.0,0,0,0,psf/requests,0
docs/_static/requests-sidebar.png,11.07,low,0.2767,0.0,0,0,0,psf/requests,0
docs/_templates/hacks.html,11.07,low,0.2767,0.0,0,0,0,psf/requests,0
docs/_templates/sidebarintro.html,76.5,high,0.9126,0.6667,0,3,2,psf/requests,0
docs/_templates/sidebarlogo.html,76.5,high,0.9126,0.6667,0,3,2,psf/requests,0
docs/_themes/.gitignore,11.07,low,0.2767,0.0,0,0,0,psf/requests,0
docs/_themes/LICENSE,11.07,low,0.2767,0.0,0,0,0,psf/requests,0
docs/_themes/flask_theme_support.py,11.07,low,0.2767,0.0,0,0,0,psf/requests,0
docs/api.rst,11.07,low,0.2767,0.0,0,0,0,psf/requests,0
docs/community/faq.rst,27.18,low,0.6796,0.0,0,1,0,psf/requests,0
docs/community/out-there.rst,11.07,low,0.2767,0.0,0,0,0,psf/requests,0
docs/community/recommended.rst,11.07,low,0.2767,0.0,0,0,0,psf/requests,0
docs/community/release-process.rst,11.07,low,0.2767,0.0,0,0,0,psf/requests,0
docs/community/support.rst,11.07,low,0.2767,0.0,0,0,0,psf/requests,0
docs/community/updates.rst,11.07,low,0.2767,0.0,0,0,0,psf/requests,0
docs/community/vulnerabilities.rst,11.07,low,0.2767,0.0,0,0,0,psf/requests,0
docs/conf.py,11.07,low,0.2767,0.0,0,0,0,psf/requests,0
docs/dev/authors.rst,11.07,low,0.2767,0.0,0,0,0,psf/requests,0
docs/dev/contributing.rst,11.07,low,0.2767,0.0,0,0,0,psf/requests,0
docs/index.rst,87.18,high,0.6796,1.0,0,1,1,psf/requests,0
docs/make.bat,11.07,low,0.2767,0.0,0,0,0,psf/requests,0
docs/requirements.txt,11.07,low,0.2767,0.0,0,0,0,psf/requests,0
docs/user/advanced.rst,47.6,medium,0.9757,0.1429,0,7,1,psf/requests,0
docs/user/authentication.rst,11.07,low,0.2767,0.0,0,0,0,psf/requests,0
docs/user/install.rst,11.07,low,0.2767,0.0,0,0,0,psf/requests,0
docs/user/quickstart.rst,27.18,low,0.6796,0.0,0,1,0,psf/requests,0
ext/LICENSE,11.07,low,0.2767,0.0,0,0,0,psf/requests,0
ext/flower-of-life.jpg,11.07,low,0.2767,0.0,0,0,0,psf/requests,0
ext/kr-compressed.png,11.07,low,0.2767,0.0,0,0,0,psf/requests,0
ext/kr.png,11.07,low,0.2767,0.0,0,0,0,psf/requests,0
ext/psf-compressed.png,11.07,low,0.2767,0.0,0,0,0,psf/requests,0
ext/psf.png,11.07,low,0.2767,0.0,0,0,0,psf/requests,0
ext/requests-logo-compressed.png,11.07,low,0.2767,0.0,0,0,0,psf/requests,0
ext/requests-logo.ai,11.07,low,0.2767,0.0,0,0,0,psf/requests,0
ext/requests-logo.png,11.07,low,0.2767,0.0,0,0,0,psf/requests,0
ext/requests-logo.svg,11.07,low,0.2767,0.0,0,0,0,psf/requests,0
ext/ss-compressed.png,11.07,low,0.2767,0.0,0,0,0,psf/requests,0
ext/ss.png,11.07,low,0.2767,0.0,0,0,0,psf/requests,0
pyproject.toml,27.18,low,0.6796,0.0,0,1,0,psf/requests,0
requirements-dev.txt,33.98,low,0.8495,0.0,0,2,0,psf/requests,2
setup.cfg,63.98,medium,0.8495,0.5,0,2,1,psf/requests,0
setup.py,33.98,low,0.8495,0.0,0,2,0,psf/requests,0
src/requests/__init__.py,27.18,low,0.6796,0.0,0,1,0,psf/requests,0
src/requests/__version__.py,27.18,low,0.6796,0.0,0,1,0,psf/requests,0
src/requests/_internal_utils.py,27.18,low,0.6796,0.0,0,1,0,psf/requests,0
src/requests/adapters.py,33.98,low,0.8495,0.0,0,2,0,psf/requests,0
src/requests/api.py,27.18,low,0.6796,0.0,0,1,0,psf/requests,0
src/requests/auth.py,33.98,low,0.8495,0.0,0,2,0,psf/requests,0
src/requests/certs.py,27.18,low,0.6796,0.0,0,1,0,psf/requests,0
src/requests/compat.py,27.18,low,0.6796,0.0,0,1,0,psf/requests,0
src/requests/cookies.py,33.98,low,0.8495,0.0,0,2,0,psf/requests,0
src/requests/exceptions.py,27.18,low,0.6796,0.0,0,1,0,psf/requests,1
src/requests/help.py,27.18,low,0.6796,0.0,0,1,0,psf/requests,0
src/requests/hooks.py,27.18,low,0.6796,0.0,0,1,0,psf/requests,0
src/requests/models.py,33.98,low,0.8495,0.0,0,2,0,psf/requests,0
src/requests/packages.py,27.18,low,0.6796,0.0,0,1,0,psf/requests,0
src/requests/sessions.py,36.5,low,0.9126,0.0,0,3,0,psf/requests,0
src/requests/status_codes.py,33.98,low,0.8495,0.0,0,2,0,psf/requests,0
src/requests/structures.py,27.18,low,0.6796,0.0,0,1,0,psf/requests,0
src/requests/utils.py,62.25,medium,0.9563,0.4,0,5,2,psf/requests,1
tests/__init__.py,11.07,low,0.2767,0.0,0,0,0,psf/requests,0
tests/compat.py,11.07,low,0.2767,0.0,0,0,0,psf/requests,0
tests/conftest.py,11.07,low,0.2767,0.0,0,0,0,psf/requests,0
tests/test_help.py,27.18,low,0.6796,0.0,0,1,0,psf/requests,0
tests/test_hooks.py,11.07,low,0.2767,0.0,0,0,0,psf/requests,0
tests/test_lowlevel.py,11.07,low,0.2767,0.0,0,0,0,psf/requests,0
tests/test_packages.py,11.07,low,0.2767,0.0,0,0,0,psf/requests,0
tests/test_requests.py,38.25,low,0.9563,0.0,0,5,0,psf/requests,2
tests/test_structures.py,11.07,low,0.2767,0.0,0,0,0,psf/requests,0
tests/test_testserver.py,11.07,low,0.2767,0.0,0,0,0,psf/requests,0
tests/test_utils.py,27.18,low,0.6796,0.0,0,1,0,psf/requests,0
tests/testserver/__init__.py,11.07,low,0.2767,0.0,0,0,0,psf/requests,0
tests/testserver/server.py,11.07,low,0.2767,0.0,0,0,0,psf/requests,0
tests/utils.py,11.07,low,0.2767,0.0,0,0,0,psf/requests,0
tox.ini,27.18,low,0.6796,0.0,0,1,0,psf/requests,0
.editorconfig,19.74,low,0.4935,0.0,0,0,0,expressjs/express,0
.eslintignore,19.74,low,0.4935,0.0,0,0,0,expressjs/express,0
.eslintrc.yml,19.74,low,0.4935,0.0,0,0,0,expressjs/express,0
.github/workflows/ci.yml,39.91,medium,0.9978,0.0,0,3,0,expressjs/express,0
.gitignore,19.74,low,0.4935,0.0,0,0,0,expressjs/express,0
Charter.md,19.74,low,0.4935,0.0,0,0,0,expressjs/express,0
Code-Of-Conduct.md,19.74,low,0.4935,0.0,0,0,0,expressjs/express,0
Collaborator-Guide.md,19.74,low,0.4935,0.0,0,0,0,expressjs/express,0
Contributing.md,19.74,low,0.4935,0.0,0,0,0,expressjs/express,0
History.md,19.74,low,0.4935,0.0,0,0,0,expressjs/express,1
LICENSE,19.74,low,0.4935,0.0,0,0,0,expressjs/express,0
Readme-Guide.md,19.74,low,0.4935,0.0,0,0,0,expressjs/express,0
Readme.md,19.74,low,0.4935,0.0,0,0,0,expressjs/express,0
Release-Process.md,19.74,low,0.4935,0.0,0,0,0,expressjs/express,0
Security.md,19.74,low,0.4935,0.0,0,0,0,expressjs/express,0
Triager-Guide.md,19.74,low,0.4935,0.0,0,0,0,expressjs/express,0
appveyor.yml,39.74,medium,0.9935,0.0,0,2,0,expressjs/express,0
benchmarks/Makefile,19.74,low,0.4935,0.0,0,0,0,expressjs/express,0
benchmarks/middleware.js,19.74,low,0.4935,0.0,0,0,0,expressjs/express,0
benchmarks/run,19.74,low,0.4935,0.0,0,0,0,expressjs/express,0
examples/README.md,19.74,low,0.4935,0.0,0,0,0,expressjs/express,0
examples/auth/index.js,19.74,low,0.4935,0.0,0,0,0,expressjs/express,0
examples/auth/views/foot.ejs,19.74,low,0.4935,0.0,0,0,0,expressjs/express,0
examples/auth/views/head.ejs,19.74,low,0.4935,0.0,0,0,0,expressjs/express,0
examples/auth/views/login.ejs,19.74,low,0.4935,0.0,0,0,0,expressjs/express,0
examples/content-negotiation/db.js,19.74,low,0.4935,0.0,0,0,0,expressjs/express,0
examples/content-negotiation/index.js,19.74,low,0.4935,0.0,0,0,0,expressjs/express,0
examples/content-negotiation/users.js,19.74,low,0.4935,0.0,0,0,0,expressjs/express,0
examples/cookie-sessions/index.js,19.74,low,0.4935,0.0,0,0,0,expressjs/express,0
examples/cookies/index.js,19.74,low,0.4935,0.0,0,0,0,expressjs/express,0
examples/downloads/files/CCTV大赛上海分赛区.txt,19.74,low,0.4935,0.0,0,0,0,expressjs/express,0
examples/downloads/files/amazing.txt,19.74,low,0.4935,0.0,0,0,0,expressjs/express,0
examples/downloads/files/notes/groceries.txt,19.74,low,0.4935,0.0,0,0,0,expressjs/express,0
examples/downloads/index.js,19.74,low,0.4935,0.0,0,0,0,expressjs/express,0
examples/ejs/index.js,19.74,low,0.4935,0.0,0,0,0,expressjs/express,0
examples/ejs/public/stylesheets/style.css,19.74,low,0.4935,0.0,0,0,0,expressjs/express,0
examples/ejs/views/footer.html,19.74,low,0.4935,0.0,0,0,0,expressjs/express,0
examples/ejs/views/header.html,19.74,low,0.4935,0.0,0,0,0,expressjs/express,0
examples/ejs/views/users.html,19.74,low,0.4935,0.0,0,0,0,expressjs/express,0
examples/error-pages/index.js,19.74,low,0.4935,0.0,0,0,0,expressjs/express,0
examples/error-pages/views/404.ejs,19.74,low,0.4935,0.0,0,0,0,expressjs/express,0
examples/error-pages/views/500.ejs,19.74,low,0.4935,0.0,0,0,0,expressjs/express,0
examples/error-pages/views/error_header.ejs,19.74,low,0.4935,0.0,0,0,0,expressjs/express,0
examples/error-pages/views/footer.ejs,19.74,low,0.4935,0.0,0,0,0,expressjs/express,0
examples/error-pages/views/index.ejs,19.74,low,0.4935,0.0,0,0,0,expressjs/express,0
examples/error/index.js,19.74,low,0.4935,0.0,0,0,0,expressjs/express,0
examples/hello-world/index.js,19.74,low,0.4935,0.0,0,0,0,expressjs/express,0
examples/markdown/index.js,19.74,low,0.4935,0.0,0,0,0,expressjs/express,0
examples/markdown/views/index.md,19.74,low,0.4935,0.0,0,0,0,expressjs/express,0
examples/multi-router/controllers/api_v1.js,19.74,low,0.4935,0.0,0,0,0,expressjs/express,0
examples/multi-router/controllers/api_v2.js,19.74,low,0.4935,0.0,0,0,0,expressjs/express,0
examples/multi-router/index.js,19.74,low,0.4935,0.0,0,0,0,expressjs/express,0
examples/multipart/index.js,19.74,low,0.4935,0.0,0,0,0,expressjs/express,0
examples/mvc/controllers/main/index.js,19.74,low,0.4935,0.0,0,0,0,expressjs/express,0
examples/mvc/controllers/pet/index.js,19.74,low,0.4935,0.0,0,0,0,expressjs/express,0
examples/mvc/controllers/pet/views/edit.ejs,19.74,low,0.4935,0.0,0,0,0,expressjs/express,0
examples/mvc/controllers/pet/views/show.ejs,19.74,low,0.4935,0.0,0,0,0,expressjs/express,0
examples/mvc/controllers/user-pet/index.js,19.74,low,0.4935,0.0,0,0,0,expressjs/express,0
examples/mvc/controllers/user/index.js,19.74,low,0.4935,0.0,0,0,0,expressjs/express,0
examples/mvc/controllers/user/views/edit.hbs,19.74,low,0.4935,0.0,0,0,0,expressjs/express,0
examples/mvc/controllers/user/views/list.hbs,19.74,low,0.4935,0.0,0,0,0,expressjs/express,0
examples/mvc/controllers/user/views/show.hbs,19.74,low,0.4935,0.0,0,0,0,expressjs/express,0
examples/mvc/db.js,19.74,low,0.4935,0.0,0,0,0,expressjs/express,0
examples/mvc/index.js,19.74,low,0.4935,0.0,0,0,0,expressjs/express,0
examples/mvc/lib/boot.js,19.74,low,0.4935,0.0,0,0,0,expressjs/express,0
examples/mvc/public/style.css,19.74,low,0.4935,0.0,0,0,0,expressjs/express,0
examples/mvc/views/404.ejs,19.74,low,0.4935,0.0,0,0,0,expressjs/express,0
examples/mvc/views/5xx.ejs,19.74,low,0.4935,0.0,0,0,0,expressjs/express,0
examples/online/index.js,19.74,low,0.4935,0.0,0,0,0,expressjs/express,0
examples/params/index.js,19.74,low,0.4935,0.0,0,0,0,expressjs/express,0
examples/resource/index.js,19.74,low,0.4935,0.0,0,0,0,expressjs/express,0
examples/route-map/index.js,19.74,low,0.4935,0.0,0,0,0,expressjs/express,0
examples/route-middleware/index.js,19.74,low,0.4935,0.0,0,0,0,expressjs/express,0
examples/route-separation/index.js,19.74,low,0.4935,0.0,0,0,0,expressjs/express,0
examples/route-separation/post.js,19.74,low,0.4935,0.0,0,0,0,expressjs/express,0
examples/route-separation/public/style.css,19.74,low,0.4935,0.0,0,0,0,expressjs/express,0
examples/route-separation/site.js,19.74,low,0.4935,0.0,0,0,0,expressjs/express,0
examples/route-separation/user.js,19.74,low,0.4935,0.0,0,0,0,expressjs/express,0
examples/route-separation/views/footer.ejs,19.74,low,0.4935,0.0,0,0,0,expressjs/express,0
examples/route-separation/views/header.ejs,19.74,low,0.4935,0.0,0,0,0,expressjs/express,0
examples/route-separation/views/index.ejs,19.74,low,0.4935,0.0,0,0,0,expressjs/express,0
examples/route-separation/views/posts/index.ejs,19.74,low,0.4935,0.0,0,0,0,expressjs/express,0
examples/route-separation/views/users/edit.ejs,19.74,low,0.4935,0.0,0,0,0,expressjs/express,0
examples/route-separation/views/users/index.ejs,19.74,low,0.4935,0.0,0,0,0,expressjs/express,0
examples/route-separation/views/users/view.ejs,19.74,low,0.4935,0.0,0,0,0,expressjs/express,0
examples/search/index.js,19.74,low,0.4935,0.0,0,0,0,expressjs/express,0
examples/search/public/client.js,19.74,low,0.4935,0.0,0,0,0,expressjs/express,0
examples/search/public/index.html,19.74,low,0.4935,0.0,0,0,0,expressjs/express,0
examples/session/index.js,19.74,low,0.4935,0.0,0,0,0,expressjs/express,0
examples/session/redis.js,19.74,low,0.4935,0.0,0,0,0,expressjs/express,0
examples/static-files/index.js,19.74,low,0.4935,0.0,0,0,0,expressjs/express,0
examples/static-files/public/css/style.css,19.74,low,0.4935,0.0,0,0,0,expressjs/express,0
examples/static-files/public/hello.txt,19.74,low,0.4935,0.0,0,0,0,expressjs/express,0
examples/static-files/public/js/app.js,19.74,low,0.4935,0.0,0,0,0,expressjs/express,0
examples/vhost/index.js,19.74,low,0.4935,0.0,0,0,0,expressjs/express,0
examples/view-constructor/github-view.js,19.74,low,0.4935,0.0,0,0,0,expressjs/express,0
examples/view-constructor/index.js,19.74,low,0.4935,0.0,0,0,0,expressjs/express,0
examples/view-locals/index.js,19.74,low,0.4935,0.0,0,0,0,expressjs/express,0
examples/view-locals/user.js,19.74,low,0.4935,0.0,0,0,0,expressjs/express,0
examples/view-locals/views/index.ejs,19.74,low,0.4935,0.0,0,0,0,expressjs/express,0
examples/web-service/index.js,19.74,low,0.4935,0.0,0,0,0,expressjs/express,0
index.js,19.74,low,0.4935,0.0,0,0,0,expressjs/express,0
lib/application.js,19.74,low,0.4935,0.0,0,0,0,expressjs/express,0
lib/express.js,19.74,low,0.4935,0.0,0,0,0,expressjs/express,0
lib/middleware/init.js,19.74,low,0.4935,0.0,0,0,0,expressjs/express,0
lib/middleware/query.js,19.74,low,0.4935,0.0,0,0,0,expressjs/express,0
lib/request.js,19.74,low,0.4935,0.0,0,0,0,expressjs/express,0
lib/response.js,19.74,low,0.4935,0.0,0,0,0,expressjs/express,1
lib/router/index.js,19.74,low,0.4935,0.0,0,0,0,expressjs/express,0
lib/router/layer.js,19.74,low,0.4935,0.0,0,0,0,expressjs/express,0
lib/router/route.js,19.74,low,0.4935,0.0,0,0,0,expressjs/express,0
lib/utils.js,19.74,low,0.4935,0.0,0,0,0,expressjs/express,0
lib/view.js,19.74,low,0.4935,0.0,0,0,0,expressjs/express,0
package.json,39.57,medium,0.9892,0.0,0,1,0,expressjs/express,0
test/Route.js,19.74,low,0.4935,0.0,0,0,0,expressjs/express,0
test/Router.js,19.74,low,0.4935,0.0,0,0,0,expressjs/express,1
test/acceptance/auth.js,19.74,low,0.4935,0.0,0,0,0,expressjs/express,0
test/acceptance/content-negotiation.js,19.74,low,0.4935,0.0,0,0,0,expressjs/express,0
test/acceptance/cookie-sessions.js,19.74,low,0.4935,0.0,0,0,0,expressjs/express,0
test/acceptance/cookies.js,19.74,low,0.4935,0.0,0,0,0,expressjs/express,0
test/acceptance/downloads.js,19.74,low,0.4935,0.0,0,0,0,expressjs/express,0
test/acceptance/ejs.js,19.74,low,0.4935,0.0,0,0,0,expressjs/express,0
test/acceptance/error-pages.js,19.74,low,0.4935,0.0,0,0,0,expressjs/express,0
test/acceptance/error.js,19.74,low,0.4935,0.0,0,0,0,expressjs/express,0
test/acceptance/hello-world.js,19.74,low,0.4935,0.0,0,0,0,expressjs/express,0
test/acceptance/markdown.js,19.74,low,0.4935,0.0,0,0,0,expressjs/express,0
test/acceptance/multi-router.js,19.74,low,0.4935,0.0,0,0,0,expressjs/express,0
test/acceptance/mvc.js,19.74,low,0.4935,0.0,0,0,0,expressjs/express,0
test/acceptance/params.js,19.74,low,0.4935,0.0,0,0,0,expressjs/express,0
test/acceptance/resource.js,19.74,low,0.4935,0.0,0,0,0,expressjs/express,0
test/acceptance/route-map.js,19.74,low,0.4935,0.0,0,0,0,expressjs/express,0
test/acceptance/route-separation.js,19.74,low,0.4935,0.0,0,0,0,expressjs/express,0
test/acceptance/vhost.js,19.74,low,0.4935,0.0,0,0,0,expressjs/express,0
test/acceptance/web-service.js,19.74,low,0.4935,0.0,0,0,0,expressjs/express,0
test/app.all.js,19.74,low,0.4935,0.0,0,0,0,expressjs/express,0
test/app.del.js,19.74,low,0.4935,0.0,0,0,0,expressjs/express,0
test/app.engine.js,19.74,low,0.4935,0.0,0,0,0,expressjs/express,0
test/app.head.js,19.74,low,0.4935,0.0,0,0,0,expressjs/express,0
test/app.js,19.74,low,0.4935,0.0,0,0,0,expressjs/express,0
test/app.listen.js,19.74,low,0.4935,0.0,0,0,0,expressjs/express,0
test/app.locals.js,19.74,low,0.4935,0.0,0,0,0,expressjs/express,0
test/app.options.js,19.74,low,0.4935,0.0,0,0,0,expressjs/express,0
test/app.param.js,19.74,low,0.4935,0.0,0,0,0,expressjs/express,0
test/app.render.js,19.74,low,0.4935,0.0,0,0,0,expressjs/express,0
test/app.request.js,19.74,low,0.4935,0.0,0,0,0,expressjs/express,0
test/app.response.js,19.74,low,0.4935,0.0,0,0,0,expressjs/express,0
test/app.route.js,19.74,low,0.4935,0.0,0,0,0,expressjs/express,0
test/app.router.js,19.74,low,0.4935,0.0,0,0,0,expressjs/express,1
test/app.routes.error.js,19.74,low,0.4935,0.0,0,0,0,expressjs/express,0
test/app.use.js,19.74,low,0.4935,0.0,0,0,0,expressjs/express,1
test/config.js,19.74,low,0.4935,0.0,0,0,0,expressjs/express,0
test/exports.js,19.74,low,0.4935,0.0,0,0,0,expressjs/express,0
test/express.json.js,19.74,low,0.4935,0.0,0,0,0,expressjs/express,0
test/express.raw.js,19.74,low,0.4935,0.0,0,0,0,expressjs/express,0
test/express.static.js,19.74,low,0.4935,0.0,0,0,0,expressjs/express,0
test/express.text.js,19.74,low,0.4935,0.0,0,0,0,expressjs/express,0
test/express.urlencoded.js,19.74,low,0.4935,0.0,0,0,0,expressjs/express,0
test/fixtures/% of dogs.txt,19.74,low,0.4935,0.0,0,0,0,expressjs/express,0
test/fixtures/.name,19.74,low,0.4935,0.0,0,0,0,expressjs/express,0
test/fixtures/blog/index.html,19.74,low,0.4935,0.0,0,0,0,expressjs/express,0
test/fixtures/blog/post/index.tmpl,19.74,low,0.4935,0.0,0,0,0,expressjs/express,0
test/fixtures/broken.send,19.74,low,0.4935,0.0,0,0,0,expressjs/express,0
test/fixtures/default_layout/name.tmpl,19.74,low,0.4935,0.0,0,0,0,expressjs/express,0
test/fixtures/default_layout/user.tmpl,19.74,low,0.4935,0.0,0,0,0,expressjs/express,0
test/fixtures/email.tmpl,19.74,low,0.4935,0.0,0,0,0,expressjs/express,0
test/fixtures/empty.txt,19.74,low,0.4935,0.0,0,0,0,expressjs/express,0
test/fixtures/local_layout/user.tmpl,19.74,low,0.4935,0.0,0,0,0,expressjs/express,0
test/fixtures/name.tmpl,19.74,low,0.4935,0.0,0,0,0,expressjs/express,0
test/fixtures/name.txt,19.74,low,0.4935,0.0,0,0,0,expressjs/express,0
test/fixtures/nums.txt,19.74,low,0.4935,0.0,0,0,0,expressjs/express,0
test/fixtures/pets/names.txt,19.74,low,0.4935,0.0,0,0,0,expressjs/express,0
test/fixtures/snow ☃/.gitkeep,19.74,low,0.4935,0.0,0,0,0,expressjs/express,0
test/fixtures/todo.html,19.74,low,0.4935,0.0,0,0,0,expressjs/express,0
test/fixtures/todo.txt,19.74,low,0.4935,0.0,0,0,0,expressjs/express,0
test/fixtures/user.html,19.74,low,0.4935,0.0,0,0,0,expressjs/express,0
test/fixtures/user.tmpl,19.74,low,0.4935,0.0,0,0,0,expressjs/express,0
test/fixtures/users/index.html,19.74,low,0.4935,0.0,0,0,0,expressjs/express,0
test/fixtures/users/tobi.txt,19.74,low,0.4935,0.0,0,0,0,expressjs/express,0
test/middleware.basic.js,19.74,low,0.4935,0.0,0,0,0,expressjs/express,0
test/regression.js,19.74,low,0.4935,0.0,0,0,0,expressjs/express,0
test/req.accepts.js,19.74,low,0.4935,0.0,0,0,0,expressjs/express,0
test/req.acceptsCharset.js,19.74,low,0.4935,0.0,0,0,0,expressjs/express,0
test/req.acceptsCharsets.js,19.74,low,0.4935,0.0,0,0,0,expressjs/express,0
test/req.acceptsEncoding.js,19.74,low,0.4935,0.0,0,0,0,expressjs/express,0
test/req.acceptsEncodings.js,19.74,low,0.4935,0.0,0,0,0,expressjs/express,0
test/req.acceptsLanguage.js,19.74,low,0.4935,0.0,0,0,0,expressjs/express,0
test/req.acceptsLanguages.js,19.74,low,0.4935,0.0,0,0,0,expressjs/express,0
test/req.baseUrl.js,19.74,low,0.4935,0.0,0,0,0,expressjs/express,0
test/req.fresh.js,19.74,low,0.4935,0.0,0,0,0,expressjs/express,0
test/req.get.js,19.74,low,0.4935,0.0,0,0,0,expressjs/express,0
test/req.host.js,19.74,low,0.4935,0.0,0,0,0,expressjs/express,0
test/req.hostname.js,19.74,low,0.4935,0.0,0,0,0,expressjs/express,0
test/req.ip.js,19.74,low,0.4935,0.0,0,0,0,expressjs/express,0
test/req.ips.js,19.74,low,0.4935,0.0,0,0,0,expressjs/express,0
test/req.is.js,19.74,low,0.4935,0.0,0,0,0,expressjs/express,0
test/req.param.js,19.74,low,0.4935,0.0,0,0,0,expressjs/express,0
test/req.path.js,19.74,low,0.4935,0.0,0,0,0,expressjs/express,0
test/req.protocol.js,19.74,low,0.4935,0.0,0,0,0,expressjs/express,0
test/req.query.js,19.74,low,0.4935,0.0,0,0,0,expressjs/express,0
test/req.range.js,19.74,low,0.4935,0.0,0,0,0,expressjs/express,0
test/req.route.js,19.74,low,0.4935,0.0,0,0,0,expressjs/express,0
test/req.secure.js,19.74,low,0.4935,0.0,0,0,0,expressjs/express,0
test/req.signedCookies.js,19.74,low,0.4935,0.0,0,0,0,expressjs/express,0
test/req.stale.js,19.74,low,0.4935,0.0,0,0,0,expressjs/express,0
test/req.subdomains.js,19.74,low,0.4935,0.0,0,0,0,expressjs/express,0
test/req.xhr.js,19.74,low,0.4935,0.0,0,0,0,expressjs/express,0
test/res.append.js,19.74,low,0.4935,0.0,0,0,0,expressjs/express,0
test/res.attachment.js,19.74,low,0.4935,0.0,0,0,0,expressjs/express,0
test/res.clearCookie.js,19.74,low,0.4935,0.0,0,0,0,expressjs/express,0
test/res.cookie.js,19.74,low,0.4935,0.0,0,0,0,expressjs/express,0
test/res.download.js,19.74,low,0.4935,0.0,0,0,0,expressjs/express,0
test/res.format.js,19.74,low,0.4935,0.0,0,0,0,expressjs/express,0
test/res.get.js,19.74,low,0.4935,0.0,0,0,0,expressjs/express,0
test/res.json.js,19.74,low,0.4935,0.0,0,0,0,expressjs/express,0
test/res.jsonp.js,19.74,low,0.4935,0.0,0,0,0,expressjs/express,0
test/res.links.js,19.74,low,0.4935,0.0,0,0,0,expressjs/express,0
test/res.locals.js,19.74,low,0.4935,0.0,0,0,0,expressjs/express,0
test/res.location.js,19.74,low,0.4935,0.0,0,0,0,expressjs/express,2
test/res.redirect.js,19.74,low,0.4935,0.0,0,0,0,expressjs/express,0
test/res.render.js,19.74,low,0.4935,0.0,0,0,0,expressjs/express,0
test/res.send.js,19.74,low,0.4935,0.0,0,0,0,expressjs/express,0
test/res.sendFile.js,19.74,low,0.4935,0.0,0,0,0,expressjs/express,0
test/res.sendStatus.js,19.74,low,0.4935,0.0,0,0,0,expressjs/express,0
test/res.set.js,19.74,low,0.4935,0.0,0,0,0,expressjs/express,0
test/res.status.js,19.74,low,0.4935,0.0,0,0,0,expressjs/express,0
test/res.type.js,19.74,low,0.4935,0.0,0,0,0,expressjs/express,0
test/res.vary.js,19.74,low,0.4935,0.0,0,0,0,expressjs/express,0
test/support/env.js,19.74,low,0.4935,0.0,0,0,0,expressjs/express,0
test/support/tmpl.js,19.74,low,0.4935,0.0,0,0,0,expressjs/express,0
test/support/utils.js,19.74,low,0.4935,0.0,0,0,0,expressjs/express,0
test/utils.js,19.74,low,0.4935,0.0,0,0,0,expressjs/express,0
